{"cameraMode":{"drawMode":0,"name":"Shaded","section":"Shading Mode"},"sceneLighting":true,"audioPlay":false,"sceneViewState":{"showFog":true,"showMaterialUpdate":false,"showSkybox":true,"showFlares":true,"showImageEffects":true,"showParticleSystems":true},"in2DMode":false,"pivot":{"x":69.33097076416016,"y":-234.40908813476563,"z":710.3212280273438},"rotation":{"x":-0.17458337545394898,"y":-0.05873828008770943,"z":0.010433538816869259,"w":-0.9828335046768189},"size":796.2544555664063,"orthographic":false}