{"cameraMode":{"drawMode":0,"name":"Shaded","section":"Shading Mode"},"sceneLighting":true,"audioPlay":false,"sceneViewState":{"showFog":true,"showMaterialUpdate":false,"showSkybox":true,"showFlares":true,"showImageEffects":true,"showParticleSystems":true},"in2DMode":false,"pivot":{"x":-771.357666015625,"y":-445.975830078125,"z":-92.54740905761719},"rotation":{"x":-0.18066860735416413,"y":0.7142311334609985,"z":-0.19974683225154878,"w":-0.6460139155387878},"size":1077.02294921875,"orthographic":false}