{"cameraMode":{"drawMode":0,"name":"Shaded","section":"Shading Mode"},"sceneLighting":true,"audioPlay":false,"sceneViewState":{"showFog":true,"showMaterialUpdate":false,"showSkybox":true,"showFlares":true,"showImageEffects":true,"showParticleSystems":true},"in2DMode":false,"pivot":{"x":-51.61988830566406,"y":35.29202651977539,"z":-13.159459114074707},"rotation":{"x":-0.09885422885417938,"y":-0.7901001572608948,"z":0.13231009244918824,"w":-0.5903081297874451},"size":15.820090293884278,"orthographic":false}