{"cameraMode":{"drawMode":0,"name":"Shaded","section":"Shading Mode"},"sceneLighting":true,"audioPlay":false,"sceneViewState":{"showFog":true,"showMaterialUpdate":false,"showSkybox":true,"showFlares":true,"showImageEffects":true,"showParticleSystems":true},"in2DMode":false,"pivot":{"x":199.79693603515626,"y":-194.50363159179688,"z":336.501708984375},"rotation":{"x":-0.23998285830020905,"y":-0.2627917230129242,"z":0.06766104698181153,"w":-0.9320787191390991},"size":548.9960327148438,"orthographic":false}