{"cameraMode":{"drawMode":0,"name":"Shaded","section":"Shading Mode"},"sceneLighting":true,"audioPlay":false,"sceneViewState":{"showFog":true,"showMaterialUpdate":false,"showSkybox":true,"showFlares":true,"showImageEffects":true,"showParticleSystems":true},"in2DMode":false,"pivot":{"x":-86.75068664550781,"y":-62.22844696044922,"z":-336.49407958984377},"rotation":{"x":0.011622948572039605,"y":-0.9883753657341003,"z":0.10778924077749253,"w":0.1065865308046341},"size":389.1221618652344,"orthographic":false}