{"cameraMode":{"drawMode":0,"name":"Shaded","section":"Shading Mode"},"sceneLighting":true,"audioPlay":false,"sceneViewState":{"showFog":true,"showMaterialUpdate":false,"showSkybox":true,"showFlares":true,"showImageEffects":true,"showParticleSystems":true},"in2DMode":false,"pivot":{"x":-777.2597045898438,"y":-601.8577270507813,"z":1118.199951171875},"rotation":{"x":0.2045465111732483,"y":-0.29175233840942385,"z":0.06402190774679184,"w":0.9321708679199219},"size":1510.9451904296875,"orthographic":false}