{"cameraMode":{"drawMode":0,"name":"Shaded","section":"Shading Mode"},"sceneLighting":false,"audioPlay":false,"sceneViewState":{"showFog":true,"showMaterialUpdate":false,"showSkybox":false,"showFlares":true,"showImageEffects":true,"showParticleSystems":true},"in2DMode":false,"pivot":{"x":7.415787696838379,"y":-29.791784286499025,"z":5.578337669372559},"rotation":{"x":-0.012229958549141884,"y":-0.9242135286331177,"z":0.02970053255558014,"w":-0.38052305579185488},"size":21.18741226196289,"orthographic":false}