{"cameraMode":{"drawMode":0,"name":"Shaded","section":"Shading Mode"},"sceneLighting":true,"audioPlay":false,"sceneViewState":{"showFog":true,"showMaterialUpdate":false,"showSkybox":true,"showFlares":true,"showImageEffects":true,"showParticleSystems":true},"in2DMode":false,"pivot":{"x":1004.3457641601563,"y":-746.5126953125,"z":324.6978454589844},"rotation":{"x":-0.23954658210277558,"y":-0.5544713139533997,"z":0.17060764133930207,"w":-0.778506338596344},"size":1491.8006591796875,"orthographic":false}